id,name
1,Jennifer Taylor
2,Sharon Garcia
3,Jacob Weiss
4,Rhonda Duran
5,Susan Mitchell MD
6,Theresa Johnson
7,Stacey Lee
8,Anthony Ross
9,James Dunn
10,Mark Sanders
11,Timothy Smith
12,Mr. Willie Bradshaw
13,Samuel Stevens
14,Mariah Santos
15,Kevin Howard
16,Jennifer Steele
17,Michelle Thornton
18,Brad Cannon
19,Joseph Harvey
20,Mrs. Theresa Jackson
21,Amanda Wallace
22,Kevin Harris
23,Dustin Zhang
24,Lisa Fitzgerald
25,Laura Levine
26,Amanda Brooks
27,Rhonda Mejia
28,Kimberly Austin
29,Tommy Brown
30,Erin Gibson
31,Peter Chen
32,Destiny Anthony
33,Brittany Howell
34,Jonathan Nash
35,Michael Padilla
36,Matthew Jones
37,Shannon Castro
38,Michael Golden
39,Lance Barnett
40,Tonya Galvan
41,Aaron Wilcox
42,Michael Miller
43,Sherry Johnson
44,Jesse York
45,Debra Flores
46,John Lewis
47,Amy Bryant
48,Patricia Kim
49,Stephanie Robinson
50,David Ortiz
51,Taylor Crane
52,Kelly Bennett
53,Stephen Barton
54,Mary Bailey
55,Frank Cooper
56,Gary Hunt
57,Kevin Caldwell
58,Gerald Mcmillan
59,Warren Smith
60,Daniel Wallace
61,Connor May
62,Victoria Jordan
63,Mandy Robinson
64,Samantha Smith
65,Elizabeth Reyes
66,Ryan Lewis
67,Joseph Sellers
68,Lauren Thompson
69,Kyle Freeman
70,Felicia Thompson
71,Stephanie Lambert
72,Edwin James
73,Brian Cruz
74,Kelly Taylor MD
75,Kristen Olsen
76,Heather Yates
77,Victor Gray
78,Thomas Johnson
79,William Madden
80,Melanie Taylor
81,Rebecca Johnson
82,Timothy Hunt
83,Laura Jones
84,Catherine Miller
85,Patrick Cunningham
86,Dakota Medina
87,Steven Savage
88,Peter Haynes
89,Marissa Leblanc
90,Laura Kline
91,Jonathan Chang
92,Donald Watson
93,Meredith West
94,Kathy Munoz
95,Stephen Richardson
96,Sean Dominguez
97,Kevin Gray
98,Wanda Brown
99,John Castro
100,Felicia Carpenter
